ABDL,1
Abduction Play,2
Abrasion Play,3
Accents,4
Affection,5
Affectionate Cruelty,6
Affectionate Domination,7
Aftercare,8
Aftercare Cuddles,9
Age Play,10
Anal,11
Anal Beads,12
Anal Chastity,13
Anal Creampie,14
Anal Fingering,15
Anal Fisting,16
Anal Hooks,17
Anal Play,18
Anal Sex,19
Anal Stretching,20
Anal Training,21
Analingus,22
Androgyny,23
Anime,24
Anonymous Encounters,25
Armbinders,26
Armpits,27
Art Erotica,28
artistic cutting,29
Asian,30
Asphyxiaphilia Play,31
Ass Licking,32
Ass Play,33
Ass to Mouth,34
Ass worship,35
Attention,36
Auralism,37
Bald Girls,38
Ball Gags,39
Ball Kicking,40
Ball Stretching,41
Ballbusting,42
Ballet Boots/Shoes,43
Bare Bottom Spanking,44
Bare Handed Spanking,45
Bareback,46
Barefoot,47
Bastinado,48
Bathroom Use Control,49
BBC,50
BBW,51
BBW/BHM,52
BDSM,53
Beards,54
Begging,55
Behavior Modification,56
Being called a good girl,57
Being Cummed On,58
Being Overpowered,59
Bellydancing,60
Belt Spanking,61
Belt Whippings,62
Ben Wa Balls,63
Big Tits,64
Bimboification,65
Bisexuality,66
Biting,67
Blindfolds,68
Blood Play,69
Blow Jobs,70
Blushing,71
Body Hair,72
Body Modification,73
Body Paint,74
Body Worship,75
Bondage,76
Bondage Art,77
Bondage Equipment,78
Bondage Tape,79
Boot,80
Boot Blacking,81
Boot licking,82
Boot Worship,83
Boss/Secretary,84
Braces,85
Branding,86
Brats,87
Breast Bondage,88
Breast Spanking,89
Breast Whipping,90
Breast/Nipple Play,91
Breastfeeding,92
Breasts,93
Breath Play,94
Breeding,95
Bruises,96
Bukkake,97
Bullwhips,98
Burlesque,99
Business Suits,100
Butches,101
Butt Plugs,102
Butt plugs in public,103
Caging/Confinement,104
Candle Wax,105
Caning,106
Caressing,107
Casting,108
Catheters,109
Catsuits,110
CBT,111
Cell Popping,112
CFNM,113
Chains,114
Chakra energy play,115
Chaps,116
Chastity,117
Chastity Devices,118
Cheerleading Uniforms,119
Chocolate,120
Choking Play,121
Cigars,122
Clamps and Clips,123
Claws,124
Cling Film,125
Clit Pumping,126
Clit Spanking,127
Clothespins,128
Clover Clamps,129
Clowns,130
Cock and Ball Torture,131
Cock Milking,132
Cock Slapping,133
Cock Worship,134
Cocksucking,135
Collar and Lead/Leash,136
Collars,137
Consensual Nonconsent Play,138
Control,139
Cornertime,140
Corporal Punishment,141
Corset Cinching,142
Corset Piercing,143
Corset Training,144
Corsetry,145
Corsets,146
Cosplay,147
Costumes/Dressing-up,148
Covert Bondage,149
Crawling,150
Creampie,151
Creampie Cleanup,152
Crops,153
Cross-Dressing,154
Crucifixion Play,155
Crying,156
Cuckold,157
Cuckold Humiliation,158
Cuckolding,159
Cuddles,160
Cuddling,161
Cuddling Naked,162
Cuddling with benefits,163
Cum,164
Cunnilingus,165
Cunt Worship,166
Cupping,167
Cutting,168
Cyber Sex,169
